title,rating,numOfRatings
0,3.8783185840707963,31640
1,3.8783185840707963,452
